artist,title,url
The Killers,Mr. Brightside,https://www.last.fm/music/The+Killers/_/Mr.+Brightside
Oasis,Wonderwall,https://www.last.fm/music/Oasis/_/Wonderwall
Franz Ferdinand,Take Me Out,https://www.last.fm/music/Franz+Ferdinand/_/Take+Me+Out
The Killers,Somebody Told Me,https://www.last.fm/music/The+Killers/_/Somebody+Told+Me
Radiohead,Creep,https://www.last.fm/music/Radiohead/_/Creep
Coldplay,Viva la Vida,https://www.last.fm/music/Coldplay/_/Viva+la+Vida
Radiohead,Karma Police,https://www.last.fm/music/Radiohead/_/Karma+Police
Coldplay,The Scientist,https://www.last.fm/music/Coldplay/_/The+Scientist
Coldplay,Clocks,https://www.last.fm/music/Coldplay/_/Clocks
MGMT,Kids,https://www.last.fm/music/MGMT/_/Kids
Coldplay,Yellow,https://www.last.fm/music/Coldplay/_/Yellow
The White Stripes,Seven Nation Army,https://www.last.fm/music/The+White+Stripes/_/Seven+Nation+Army
Gorillaz,Feel Good Inc.,https://www.last.fm/music/Gorillaz/_/Feel+Good+Inc.
Coldplay,Fix You,https://www.last.fm/music/Coldplay/_/Fix+You
Kings of Leon,Sex on Fire,https://www.last.fm/music/Kings+of+Leon/_/Sex+on+Fire
Blur,Song 2,https://www.last.fm/music/Blur/_/Song+2
MGMT,Electric Feel,https://www.last.fm/music/MGMT/_/Electric+Feel
MGMT,Time to Pretend,https://www.last.fm/music/MGMT/_/Time+to+Pretend
Snow Patrol,Chasing Cars,https://www.last.fm/music/Snow+Patrol/_/Chasing+Cars
The Killers,When You Were Young,https://www.last.fm/music/The+Killers/_/When+You+Were+Young
Muse,Supermassive Black Hole,https://www.last.fm/music/Muse/_/Supermassive+Black+Hole
Kings of Leon,Use Somebody,https://www.last.fm/music/Kings+of+Leon/_/Use+Somebody
Muse,Starlight,https://www.last.fm/music/Muse/_/Starlight
Radiohead,Paranoid Android,https://www.last.fm/music/Radiohead/_/Paranoid+Android
Radiohead,No Surprises,https://www.last.fm/music/Radiohead/_/No+Surprises
Foster the People,Pumped Up Kicks,https://www.last.fm/music/Foster+the+People/_/Pumped+Up+Kicks
Arctic Monkeys,I Bet You Look Good on the Dancefloor,https://www.last.fm/music/Arctic+Monkeys/_/I+Bet+You+Look+Good+on+the+Dancefloor
Gorillaz,Clint Eastwood,https://www.last.fm/music/Gorillaz/_/Clint+Eastwood
The Strokes,Reptilia,https://www.last.fm/music/The+Strokes/_/Reptilia
The Killers,All These Things That I've Done,https://www.last.fm/music/The+Killers/_/All+These+Things+That+I%27ve+Done
Muse,Time Is Running Out,https://www.last.fm/music/Muse/_/Time+Is+Running+Out
R.E.M.,Losing My Religion,https://www.last.fm/music/R.E.M./_/Losing+My+Religion
Pixies,Where Is My Mind?,https://www.last.fm/music/Pixies/_/Where+Is+My+Mind%3F
The Verve,Bitter Sweet Symphony,https://www.last.fm/music/The+Verve/_/Bitter+Sweet+Symphony
The Killers,Smile Like You Mean It,https://www.last.fm/music/The+Killers/_/Smile+Like+You+Mean+It
Death Cab for Cutie,I Will Follow You Into The Dark,https://www.last.fm/music/Death+Cab+for+Cutie/_/I+Will+Follow+You+Into+The+Dark
Muse,Hysteria,https://www.last.fm/music/Muse/_/Hysteria
M.I.A.,Paper Planes,https://www.last.fm/music/M.I.A./_/Paper+Planes
The Fray,How to Save a Life,https://www.last.fm/music/The+Fray/_/How+to+Save+a+Life
Vampire Weekend,A-Punk,https://www.last.fm/music/Vampire+Weekend/_/A-Punk
Florence + the Machine,Dog Days Are Over,https://www.last.fm/music/Florence+%252B+the+Machine/_/Dog+Days+Are+Over
Joy Division,Love Will Tear Us Apart,https://www.last.fm/music/Joy+Division/_/Love+Will+Tear+Us+Apart
Coldplay,Don't Panic,https://www.last.fm/music/Coldplay/_/Don%27t+Panic
Modest Mouse,Float On,https://www.last.fm/music/Modest+Mouse/_/Float+On
The Strokes,Someday,https://www.last.fm/music/The+Strokes/_/Someday
The Kooks,Naïve,https://www.last.fm/music/The+Kooks/_/Na%C3%AFve
Coldplay,In My Place,https://www.last.fm/music/Coldplay/_/In+My+Place
Coldplay,Trouble,https://www.last.fm/music/Coldplay/_/Trouble
The xx,Intro,https://www.last.fm/music/The+xx/_/Intro
The Postal Service,Such Great Heights,https://www.last.fm/music/The+Postal+Service/_/Such+Great+Heights
Radiohead,High and Dry,https://www.last.fm/music/Radiohead/_/High+and+Dry
Arctic Monkeys,Mardy Bum,https://www.last.fm/music/Arctic+Monkeys/_/Mardy+Bum
Bon Iver,Skinny Love,https://www.last.fm/music/Bon+Iver/_/Skinny+Love
Radiohead,Fake Plastic Trees,https://www.last.fm/music/Radiohead/_/Fake+Plastic+Trees
Coldplay,Speed of Sound,https://www.last.fm/music/Coldplay/_/Speed+of+Sound
Keane,Somewhere Only We Know,https://www.last.fm/music/Keane/_/Somewhere+Only+We+Know
Oasis,Don't Look Back in Anger,https://www.last.fm/music/Oasis/_/Don%27t+Look+Back+in+Anger
Gotye,Somebody That I Used To Know,https://www.last.fm/music/Gotye/_/Somebody+That+I+Used+To+Know
Gorillaz,DARE,https://www.last.fm/music/Gorillaz/_/DARE
Muse,Knights of Cydonia,https://www.last.fm/music/Muse/_/Knights+of+Cydonia
Imagine Dragons,Radioactive,https://www.last.fm/music/Imagine+Dragons/_/Radioactive
Jet,Are You Gonna Be My Girl,https://www.last.fm/music/Jet/_/Are+You+Gonna+Be+My+Girl
Arctic Monkeys,Fake Tales of San Francisco,https://www.last.fm/music/Arctic+Monkeys/_/Fake+Tales+of+San+Francisco
Green Day,Wake Me Up When September Ends,https://www.last.fm/music/Green+Day/_/Wake+Me+Up+When+September+Ends
The Smashing Pumpkins,1979,https://www.last.fm/music/The+Smashing+Pumpkins/_/1979
The Shins,New Slang,https://www.last.fm/music/The+Shins/_/New+Slang
The Strokes,Last Nite,https://www.last.fm/music/The+Strokes/_/Last+Nite
Bloc Party,Banquet,https://www.last.fm/music/Bloc+Party/_/Banquet
Weezer,Buddy Holly,https://www.last.fm/music/Weezer/_/Buddy+Holly
Weezer,Island in the Sun,https://www.last.fm/music/Weezer/_/Island+in+the+Sun
Arctic Monkeys,Fluorescent Adolescent,https://www.last.fm/music/Arctic+Monkeys/_/Fluorescent+Adolescent
Coldplay,Violet Hill,https://www.last.fm/music/Coldplay/_/Violet+Hill
Radiohead,Everything in Its Right Place,https://www.last.fm/music/Radiohead/_/Everything+in+Its+Right+Place
The xx,Crystalised,https://www.last.fm/music/The+xx/_/Crystalised
M83,Midnight City,https://www.last.fm/music/M83/_/Midnight+City
The Cure,Boys Don't Cry,https://www.last.fm/music/The+Cure/_/Boys+Don%27t+Cry
The Killers,Read My Mind,https://www.last.fm/music/The+Killers/_/Read+My+Mind
Jimmy Eat World,The Middle,https://www.last.fm/music/Jimmy+Eat+World/_/The+Middle
Arctic Monkeys,When the Sun Goes Down,https://www.last.fm/music/Arctic+Monkeys/_/When+the+Sun+Goes+Down
Plain White T's,Hey There Delilah,https://www.last.fm/music/Plain+White+T%27s/_/Hey+There+Delilah
Radiohead,Airbag,https://www.last.fm/music/Radiohead/_/Airbag
Radiohead,15 Step,https://www.last.fm/music/Radiohead/_/15+Step
The Kooks,She Moves in Her Own Way,https://www.last.fm/music/The+Kooks/_/She+Moves+in+Her+Own+Way
Arctic Monkeys,Dancing Shoes,https://www.last.fm/music/Arctic+Monkeys/_/Dancing+Shoes
Panic! at the Disco,I Write Sins Not Tragedies,https://www.last.fm/music/Panic%21+at+the+Disco/_/I+Write+Sins+Not+Tragedies
Beck,Loser,https://www.last.fm/music/Beck/_/Loser
Incubus,Drive,https://www.last.fm/music/Incubus/_/Drive
José González,Heartbeats,https://www.last.fm/music/Jos%C3%A9+Gonz%C3%A1lez/_/Heartbeats
Radiohead,All I Need,https://www.last.fm/music/Radiohead/_/All+I+Need
Kaiser Chiefs,Ruby,https://www.last.fm/music/Kaiser+Chiefs/_/Ruby
Phoenix,1901,https://www.last.fm/music/Phoenix/_/1901
Arctic Monkeys,Do I Wanna Know?,https://www.last.fm/music/Arctic+Monkeys/_/Do+I+Wanna+Know%3F
Kings of Leon,Closer,https://www.last.fm/music/Kings+of+Leon/_/Closer
Mumford & Sons,Little Lion Man,https://www.last.fm/music/Mumford+&+Sons/_/Little+Lion+Man
Death Cab for Cutie,Soul Meets Body,https://www.last.fm/music/Death+Cab+for+Cutie/_/Soul+Meets+Body
Radiohead,Let Down,https://www.last.fm/music/Radiohead/_/Let+Down
Mumford & Sons,The Cave,https://www.last.fm/music/Mumford+&+Sons/_/The+Cave
Radiohead,Exit Music (for a Film),https://www.last.fm/music/Radiohead/_/Exit+Music+(for+a+Film)
Florence + the Machine,You've Got the Love,https://www.last.fm/music/Florence+%252B+the+Machine/_/You%27ve+Got+the+Love
The Killers,Human,https://www.last.fm/music/The+Killers/_/Human
Coldplay,Talk,https://www.last.fm/music/Coldplay/_/Talk
Radiohead,Reckoner,https://www.last.fm/music/Radiohead/_/Reckoner
Yeah Yeah Yeahs,Maps,https://www.last.fm/music/Yeah+Yeah+Yeahs/_/Maps
The xx,Islands,https://www.last.fm/music/The+xx/_/Islands
The xx,VCR,https://www.last.fm/music/The+xx/_/VCR
Jeff Buckley,Hallelujah,https://www.last.fm/music/Jeff+Buckley/_/Hallelujah
Radiohead,Bodysnatchers,https://www.last.fm/music/Radiohead/_/Bodysnatchers
The Killers,Jenny Was a Friend of Mine,https://www.last.fm/music/The+Killers/_/Jenny+Was+a+Friend+of+Mine
Two Door Cinema Club,What You Know,https://www.last.fm/music/Two+Door+Cinema+Club/_/What+You+Know
Of Monsters and Men,Little Talks,https://www.last.fm/music/Of+Monsters+and+Men/_/Little+Talks
Peter Bjorn and John,Young Folks,https://www.last.fm/music/Peter+Bjorn+and+John/_/Young+Folks
The Temper Trap,Sweet Disposition,https://www.last.fm/music/The+Temper+Trap/_/Sweet+Disposition
Phoenix,Lisztomania,https://www.last.fm/music/Phoenix/_/Lisztomania
The Strokes,You Only Live Once,https://www.last.fm/music/The+Strokes/_/You+Only+Live+Once
Radiohead,Lucky,https://www.last.fm/music/Radiohead/_/Lucky
Radiohead,Jigsaw Falling Into Place,https://www.last.fm/music/Radiohead/_/Jigsaw+Falling+Into+Place
Lana Del Rey,Video Games,https://www.last.fm/music/Lana+Del+Rey/_/Video+Games
Oasis,Champagne Supernova,https://www.last.fm/music/Oasis/_/Champagne+Supernova
Lorde,Royals,https://www.last.fm/music/Lorde/_/Royals
Radiohead,House of Cards,https://www.last.fm/music/Radiohead/_/House+of+Cards
MGMT,Weekend Wars,https://www.last.fm/music/MGMT/_/Weekend+Wars
Radiohead,Idioteque,https://www.last.fm/music/Radiohead/_/Idioteque
Radiohead,Subterranean Homesick Alien,https://www.last.fm/music/Radiohead/_/Subterranean+Homesick+Alien
Muse,Plug In Baby,https://www.last.fm/music/Muse/_/Plug+In+Baby
James Blunt,You're Beautiful,https://www.last.fm/music/James+Blunt/_/You%27re+Beautiful
Bloc Party,Helicopter,https://www.last.fm/music/Bloc+Party/_/Helicopter
Arcade Fire,Rebellion (Lies),https://www.last.fm/music/Arcade+Fire/_/Rebellion+(Lies)
Radiohead,Nude,https://www.last.fm/music/Radiohead/_/Nude
Vampire Weekend,Oxford Comma,https://www.last.fm/music/Vampire+Weekend/_/Oxford+Comma
Arctic Monkeys,The View from the Afternoon,https://www.last.fm/music/Arctic+Monkeys/_/The+View+from+the+Afternoon
Coldplay,Shiver,https://www.last.fm/music/Coldplay/_/Shiver
Empire of the Sun,Walking on a Dream,https://www.last.fm/music/Empire+of+the+Sun/_/Walking+on+a+Dream
Passion Pit,Sleepyhead,https://www.last.fm/music/Passion+Pit/_/Sleepyhead
Arcade Fire,Wake Up,https://www.last.fm/music/Arcade+Fire/_/Wake+Up
The Kooks,Seaside,https://www.last.fm/music/The+Kooks/_/Seaside
Lana Del Rey,Born to Die,https://www.last.fm/music/Lana+Del+Rey/_/Born+to+Die
The Smashing Pumpkins,"Tonight, Tonight","https://www.last.fm/music/The+Smashing+Pumpkins/_/Tonight,+Tonight"
Edward Sharpe & The Magnetic Zeros,Home,https://www.last.fm/music/Edward+Sharpe+&+The+Magnetic+Zeros/_/Home
Band of Horses,The Funeral,https://www.last.fm/music/Band+of+Horses/_/The+Funeral
Arctic Monkeys,A Certain Romance,https://www.last.fm/music/Arctic+Monkeys/_/A+Certain+Romance
Weezer,Say It Ain't So,https://www.last.fm/music/Weezer/_/Say+It+Ain%27t+So
Kasabian,Club Foot,https://www.last.fm/music/Kasabian/_/Club+Foot
Gorillaz,Dirty Harry,https://www.last.fm/music/Gorillaz/_/Dirty+Harry
The Cure,Lullaby,https://www.last.fm/music/The+Cure/_/Lullaby
The Lumineers,Ho Hey,https://www.last.fm/music/The+Lumineers/_/Ho+Hey
The Strokes,Hard to Explain,https://www.last.fm/music/The+Strokes/_/Hard+to+Explain
The Black Keys,Lonely Boy,https://www.last.fm/music/The+Black+Keys/_/Lonely+Boy
The Fratellis,Chelsea Dagger,https://www.last.fm/music/The+Fratellis/_/Chelsea+Dagger
Pixies,Monkey Gone to Heaven,https://www.last.fm/music/Pixies/_/Monkey+Gone+to+Heaven
Radiohead,Just,https://www.last.fm/music/Radiohead/_/Just
Bon Iver,Flume,https://www.last.fm/music/Bon+Iver/_/Flume
Arctic Monkeys,Teddy Picker,https://www.last.fm/music/Arctic+Monkeys/_/Teddy+Picker
Keane,Everybody's Changing,https://www.last.fm/music/Keane/_/Everybody%27s+Changing
The Smiths,There Is a Light That Never Goes Out,https://www.last.fm/music/The+Smiths/_/There+Is+a+Light+That+Never+Goes+Out
The Cure,Close to Me,https://www.last.fm/music/The+Cure/_/Close+to+Me
The Kooks,Ooh La,https://www.last.fm/music/The+Kooks/_/Ooh+La
Owl City,Fireflies,https://www.last.fm/music/Owl+City/_/Fireflies
Muse,Stockholm Syndrome,https://www.last.fm/music/Muse/_/Stockholm+Syndrome
Radiohead,Street Spirit (Fade Out),https://www.last.fm/music/Radiohead/_/Street+Spirit+(Fade+Out)
Muse,Feeling Good,https://www.last.fm/music/Muse/_/Feeling+Good
Lana Del Rey,Summertime Sadness,https://www.last.fm/music/Lana+Del+Rey/_/Summertime+Sadness
Arctic Monkeys,Riot Van,https://www.last.fm/music/Arctic+Monkeys/_/Riot+Van
The Black Keys,Tighten Up,https://www.last.fm/music/The+Black+Keys/_/Tighten+Up
Arctic Monkeys,From the Ritz to the Rubble,https://www.last.fm/music/Arctic+Monkeys/_/From+the+Ritz+to+the+Rubble
Fleet Foxes,White Winter Hymnal,https://www.last.fm/music/Fleet+Foxes/_/White+Winter+Hymnal
Klaxons,Golden Skans,https://www.last.fm/music/Klaxons/_/Golden+Skans
Counting Crows,Mr. Jones,https://www.last.fm/music/Counting+Crows/_/Mr.+Jones
Sigur Rós,Hoppípolla,https://www.last.fm/music/Sigur+R%C3%B3s/_/Hopp%C3%ADpolla
Coldplay,Green Eyes,https://www.last.fm/music/Coldplay/_/Green+Eyes
Radiohead,Faust Arp,https://www.last.fm/music/Radiohead/_/Faust+Arp
Imagine Dragons,Demons,https://www.last.fm/music/Imagine+Dragons/_/Demons
Franz Ferdinand,Do You Want To,https://www.last.fm/music/Franz+Ferdinand/_/Do+You+Want+To
Radiohead,Climbing Up the Walls,https://www.last.fm/music/Radiohead/_/Climbing+Up+the+Walls
Awolnation,Sail,https://www.last.fm/music/Awolnation/_/Sail
Arctic Monkeys,Still Take You Home,https://www.last.fm/music/Arctic+Monkeys/_/Still+Take+You+Home
Coldplay,Life in Technicolor,https://www.last.fm/music/Coldplay/_/Life+in+Technicolor
Sia,Breathe Me,https://www.last.fm/music/Sia/_/Breathe+Me
Radiohead,Videotape,https://www.last.fm/music/Radiohead/_/Videotape
MGMT,The Youth,https://www.last.fm/music/MGMT/_/The+Youth
Coldplay,God Put a Smile Upon Your Face,https://www.last.fm/music/Coldplay/_/God+Put+a+Smile+Upon+Your+Face
Regina Spektor,Fidelity,https://www.last.fm/music/Regina+Spektor/_/Fidelity
Yeah Yeah Yeahs,Heads Will Roll,https://www.last.fm/music/Yeah+Yeah+Yeahs/_/Heads+Will+Roll
The Cranberries,Linger,https://www.last.fm/music/The+Cranberries/_/Linger
Radiohead,Electioneering,https://www.last.fm/music/Radiohead/_/Electioneering
Two Door Cinema Club,Something Good Can Work,https://www.last.fm/music/Two+Door+Cinema+Club/_/Something+Good+Can+Work
The Killers,On Top,https://www.last.fm/music/The+Killers/_/On+Top
Snow Patrol,Run,https://www.last.fm/music/Snow+Patrol/_/Run
The Ting Tings,That's Not My Name,https://www.last.fm/music/The+Ting+Tings/_/That%27s+Not+My+Name
Arctic Monkeys,R U Mine?,https://www.last.fm/music/Arctic+Monkeys/_/R+U+Mine%3F
Coldplay,Strawberry Swing,https://www.last.fm/music/Coldplay/_/Strawberry+Swing
Muse,Map of the Problematique,https://www.last.fm/music/Muse/_/Map+of+the+Problematique
Placebo,Every You Every Me,https://www.last.fm/music/Placebo/_/Every+You+Every+Me
Lana Del Rey,Blue Jeans,https://www.last.fm/music/Lana+Del+Rey/_/Blue+Jeans
Two Door Cinema Club,Undercover Martyn,https://www.last.fm/music/Two+Door+Cinema+Club/_/Undercover+Martyn
The Smashing Pumpkins,Today,https://www.last.fm/music/The+Smashing+Pumpkins/_/Today
The Smiths,How Soon Is Now?,https://www.last.fm/music/The+Smiths/_/How+Soon+Is+Now%3F
Arcade Fire,No Cars Go,https://www.last.fm/music/Arcade+Fire/_/No+Cars+Go
Train,"Hey, Soul Sister","https://www.last.fm/music/Train/_/Hey,+Soul+Sister"
Muse,New Born,https://www.last.fm/music/Muse/_/New+Born
Gorillaz,On Melancholy Hill,https://www.last.fm/music/Gorillaz/_/On+Melancholy+Hill
Gorillaz,Kids With Guns,https://www.last.fm/music/Gorillaz/_/Kids+With+Guns
Arctic Monkeys,Brianstorm,https://www.last.fm/music/Arctic+Monkeys/_/Brianstorm
Florence + the Machine,Shake It Out,https://www.last.fm/music/Florence+%252B+the+Machine/_/Shake+It+Out
Radiohead,How to Disappear Completely,https://www.last.fm/music/Radiohead/_/How+to+Disappear+Completely
Kaiser Chiefs,I Predict a Riot,https://www.last.fm/music/Kaiser+Chiefs/_/I+Predict+a+Riot
The Strokes,Is This It,https://www.last.fm/music/The+Strokes/_/Is+This+It
Radiohead,The National Anthem,https://www.last.fm/music/Radiohead/_/The+National+Anthem
Bastille,Pompeii,https://www.last.fm/music/Bastille/_/Pompeii
Florence + the Machine,Kiss with a Fist,https://www.last.fm/music/Florence+%252B+the+Machine/_/Kiss+with+a+Fist
The White Stripes,Icky Thump,https://www.last.fm/music/The+White+Stripes/_/Icky+Thump
Muse,Sing for Absolution,https://www.last.fm/music/Muse/_/Sing+for+Absolution
The xx,Heart Skipped a Beat,https://www.last.fm/music/The+xx/_/Heart+Skipped+a+Beat
The White Stripes,Fell in Love With a Girl,https://www.last.fm/music/The+White+Stripes/_/Fell+in+Love+With+a+Girl
Radiohead,My Iron Lung,https://www.last.fm/music/Radiohead/_/My+Iron+Lung
Radiohead,Pyramid Song,https://www.last.fm/music/Radiohead/_/Pyramid+Song
Kings of Leon,Revelry,https://www.last.fm/music/Kings+of+Leon/_/Revelry
Bright Eyes,First Day of My Life,https://www.last.fm/music/Bright+Eyes/_/First+Day+of+My+Life
Pixies,Here Comes Your Man,https://www.last.fm/music/Pixies/_/Here+Comes+Your+Man
Bon Iver,Holocene,https://www.last.fm/music/Bon+Iver/_/Holocene
The Strokes,12:51,https://www.last.fm/music/The+Strokes/_/12:51
Franz Ferdinand,This Fire,https://www.last.fm/music/Franz+Ferdinand/_/This+Fire
Iron & Wine,Naked As We Came,https://www.last.fm/music/Iron+&+Wine/_/Naked+As+We+Came
The Smashing Pumpkins,Disarm,https://www.last.fm/music/The+Smashing+Pumpkins/_/Disarm
Vampire Weekend,Cape Cod Kwassa Kwassa,https://www.last.fm/music/Vampire+Weekend/_/Cape+Cod+Kwassa+Kwassa
Coldplay,Warning Sign,https://www.last.fm/music/Coldplay/_/Warning+Sign
The Smiths,This Charming Man,https://www.last.fm/music/The+Smiths/_/This+Charming+Man
Imogen Heap,Hide And Seek,https://www.last.fm/music/Imogen+Heap/_/Hide+And+Seek
Snow Patrol,Open Your Eyes,https://www.last.fm/music/Snow+Patrol/_/Open+Your+Eyes
Muse,Butterflies and Hurricanes,https://www.last.fm/music/Muse/_/Butterflies+and+Hurricanes
Radiohead,Weird Fishes/Arpeggi,https://www.last.fm/music/Radiohead/_/Weird+Fishes%2FArpeggi
The xx,Basic Space,https://www.last.fm/music/The+xx/_/Basic+Space
Radiohead,Fitter Happier,https://www.last.fm/music/Radiohead/_/Fitter+Happier
Interpol,Evil,https://www.last.fm/music/Interpol/_/Evil
Coldplay,Sparks,https://www.last.fm/music/Coldplay/_/Sparks
Arcade Fire,Neighborhood #1 (Tunnels),https://www.last.fm/music/Arcade+Fire/_/Neighborhood+%231+(Tunnels)
Kings of Leon,Notion,https://www.last.fm/music/Kings+of+Leon/_/Notion
Coldplay,Cemeteries of London,https://www.last.fm/music/Coldplay/_/Cemeteries+of+London
R.E.M.,Everybody Hurts,https://www.last.fm/music/R.E.M./_/Everybody+Hurts
Placebo,The Bitter End,https://www.last.fm/music/Placebo/_/The+Bitter+End
Radiohead,The Tourist,https://www.last.fm/music/Radiohead/_/The+Tourist
Radiohead,The Bends,https://www.last.fm/music/Radiohead/_/The+Bends
The xx,Angels,https://www.last.fm/music/The+xx/_/Angels
The Killers,Bones,https://www.last.fm/music/The+Killers/_/Bones
Blur,Girls & Boys,https://www.last.fm/music/Blur/_/Girls+&+Boys
The Killers,"Andy, You're a Star","https://www.last.fm/music/The+Killers/_/Andy,+You%27re+a+Star"
Bloc Party,This Modern Love,https://www.last.fm/music/Bloc+Party/_/This+Modern+Love
Kings of Leon,Manhattan,https://www.last.fm/music/Kings+of+Leon/_/Manhattan
Radiohead,Kid A,https://www.last.fm/music/Radiohead/_/Kid+A
Radiohead,Optimistic,https://www.last.fm/music/Radiohead/_/Optimistic
Florence + the Machine,Cosmic Love,https://www.last.fm/music/Florence+%252B+the+Machine/_/Cosmic+Love
Hozier,Take Me to Church,https://www.last.fm/music/Hozier/_/Take+Me+to+Church
alt-J,Breezeblocks,https://www.last.fm/music/alt-J/_/Breezeblocks
MGMT,Pieces of What,https://www.last.fm/music/MGMT/_/Pieces+of+What
Gorillaz,El Mañana,https://www.last.fm/music/Gorillaz/_/El+Ma%C3%B1ana
fun.,We Are Young (feat. Janelle Monáe),https://www.last.fm/music/fun./_/We+Are+Young+(feat.+Janelle+Mon%C3%A1e)
Oasis,Live Forever,https://www.last.fm/music/Oasis/_/Live+Forever
Yeah Yeah Yeahs,Gold Lion,https://www.last.fm/music/Yeah+Yeah+Yeahs/_/Gold+Lion
Muse,Bliss,https://www.last.fm/music/Muse/_/Bliss
Arcade Fire,Keep the Car Running,https://www.last.fm/music/Arcade+Fire/_/Keep+the+Car+Running
The Killers,Spaceman,https://www.last.fm/music/The+Killers/_/Spaceman
The Strokes,The Modern Age,https://www.last.fm/music/The+Strokes/_/The+Modern+Age
Arctic Monkeys,Red Light Indicates Doors Are Secured,https://www.last.fm/music/Arctic+Monkeys/_/Red+Light+Indicates+Doors+Are+Secured
Coldplay,The Hardest Part,https://www.last.fm/music/Coldplay/_/The+Hardest+Part
Coldplay,42,https://www.last.fm/music/Coldplay/_/42
Arcade Fire,Neighborhood #2 (Laïka),https://www.last.fm/music/Arcade+Fire/_/Neighborhood+%232+(La%C3%AFka)
The xx,Shelter,https://www.last.fm/music/The+xx/_/Shelter
Blur,Coffee & TV,https://www.last.fm/music/Blur/_/Coffee+&+TV
Feist,Mushaboom,https://www.last.fm/music/Feist/_/Mushaboom
Imagine Dragons,It's Time,https://www.last.fm/music/Imagine+Dragons/_/It%27s+Time
The Raconteurs,"Steady, as She Goes","https://www.last.fm/music/The+Raconteurs/_/Steady,+as+She+Goes"
The Postal Service,The District Sleeps Alone Tonight,https://www.last.fm/music/The+Postal+Service/_/The+District+Sleeps+Alone+Tonight
The Kooks,Always Where I Need to Be,https://www.last.fm/music/The+Kooks/_/Always+Where+I+Need+to+Be
The White Stripes,Blue Orchid,https://www.last.fm/music/The+White+Stripes/_/Blue+Orchid
Florence + the Machine,Rabbit Heart (Raise It Up),https://www.last.fm/music/Florence+%252B+the+Machine/_/Rabbit+Heart+(Raise+It+Up)
Arcade Fire,The Suburbs,https://www.last.fm/music/Arcade+Fire/_/The+Suburbs
Coldplay,Politik,https://www.last.fm/music/Coldplay/_/Politik
Feist,1234,https://www.last.fm/music/Feist/_/1234
OneRepublic,Counting Stars,https://www.last.fm/music/OneRepublic/_/Counting+Stars
Blind Melon,No Rain,https://www.last.fm/music/Blind+Melon/_/No+Rain
Regina Spektor,Samson,https://www.last.fm/music/Regina+Spektor/_/Samson
MGMT,"Of Moons, Birds & Monsters","https://www.last.fm/music/MGMT/_/Of+Moons,+Birds+&+Monsters"
Modest Mouse,Dashboard,https://www.last.fm/music/Modest+Mouse/_/Dashboard
Muse,Take a Bow,https://www.last.fm/music/Muse/_/Take+a+Bow
Radiohead,Planet Telex,https://www.last.fm/music/Radiohead/_/Planet+Telex
Damien Rice,Cannonball,https://www.last.fm/music/Damien+Rice/_/Cannonball
Muse,Invincible,https://www.last.fm/music/Muse/_/Invincible
Fleet Foxes,Mykonos,https://www.last.fm/music/Fleet+Foxes/_/Mykonos
Arctic Monkeys,Old Yellow Bricks,https://www.last.fm/music/Arctic+Monkeys/_/Old+Yellow+Bricks
Death Cab for Cutie,Crooked Teeth,https://www.last.fm/music/Death+Cab+for+Cutie/_/Crooked+Teeth
Kings of Leon,Crawl,https://www.last.fm/music/Kings+of+Leon/_/Crawl
Arcade Fire,Une année sans lumière,https://www.last.fm/music/Arcade+Fire/_/Une+ann%C3%A9e+sans+lumi%C3%A8re
Muse,Apocalypse Please,https://www.last.fm/music/Muse/_/Apocalypse+Please
Pixies,Debaser,https://www.last.fm/music/Pixies/_/Debaser
Weezer,My Name Is Jonas,https://www.last.fm/music/Weezer/_/My+Name+Is+Jonas
Grizzly Bear,Two Weeks,https://www.last.fm/music/Grizzly+Bear/_/Two+Weeks
The Ting Tings,Shut Up and Let Me Go,https://www.last.fm/music/The+Ting+Tings/_/Shut+Up+and+Let+Me+Go
The White Stripes,The Hardest Button to Button,https://www.last.fm/music/The+White+Stripes/_/The+Hardest+Button+to+Button
The Strokes,Barely Legal,https://www.last.fm/music/The+Strokes/_/Barely+Legal
Coldplay,Lost!,https://www.last.fm/music/Coldplay/_/Lost%21
Kasabian,Fire,https://www.last.fm/music/Kasabian/_/Fire
Mumford & Sons,I Will Wait,https://www.last.fm/music/Mumford+&+Sons/_/I+Will+Wait
The xx,Infinity,https://www.last.fm/music/The+xx/_/Infinity
Kings of Leon,Be Somebody,https://www.last.fm/music/Kings+of+Leon/_/Be+Somebody
Ellie Goulding,Lights,https://www.last.fm/music/Ellie+Goulding/_/Lights
Foster the People,Helena Beat,https://www.last.fm/music/Foster+the+People/_/Helena+Beat
Pixies,Hey,https://www.last.fm/music/Pixies/_/Hey
The Script,Breakeven,https://www.last.fm/music/The+Script/_/Breakeven
Coldplay,A Message,https://www.last.fm/music/Coldplay/_/A+Message
Arctic Monkeys,505,https://www.last.fm/music/Arctic+Monkeys/_/505
MGMT,4th Dimensional Transition,https://www.last.fm/music/MGMT/_/4th+Dimensional+Transition
Arcade Fire,Neighborhood #3 (Power Out),https://www.last.fm/music/Arcade+Fire/_/Neighborhood+%233+(Power+Out)
The Cure,Pictures of You,https://www.last.fm/music/The+Cure/_/Pictures+of+You
The Shins,Australia,https://www.last.fm/music/The+Shins/_/Australia
Sia,Chandelier,https://www.last.fm/music/Sia/_/Chandelier
The Knife,Heartbeats,https://www.last.fm/music/The+Knife/_/Heartbeats
The Black Keys,Howlin' for You,https://www.last.fm/music/The+Black+Keys/_/Howlin%27+for+You
The Killers,Midnight Show,https://www.last.fm/music/The+Killers/_/Midnight+Show
Franz Ferdinand,Jacqueline,https://www.last.fm/music/Franz+Ferdinand/_/Jacqueline
Foster the People,Houdini,https://www.last.fm/music/Foster+the+People/_/Houdini
Coldplay,Parachutes,https://www.last.fm/music/Coldplay/_/Parachutes
The Shins,Caring Is Creepy,https://www.last.fm/music/The+Shins/_/Caring+Is+Creepy
The xx,Night Time,https://www.last.fm/music/The+xx/_/Night+Time
Muse,Assassin,https://www.last.fm/music/Muse/_/Assassin
Vance Joy,Riptide,https://www.last.fm/music/Vance+Joy/_/Riptide
MGMT,The Handshake,https://www.last.fm/music/MGMT/_/The+Handshake
The Hives,Hate To Say I Told You So,https://www.last.fm/music/The+Hives/_/Hate+To+Say+I+Told+You+So
Kaiser Chiefs,Everyday I Love You Less and Less,https://www.last.fm/music/Kaiser+Chiefs/_/Everyday+I+Love+You+Less+and+Less
Arctic Monkeys,Why'd You Only Call Me When You're High?,https://www.last.fm/music/Arctic+Monkeys/_/Why%27d+You+Only+Call+Me+When+You%27re+High%3F
fun.,Some Nights,https://www.last.fm/music/fun./_/Some+Nights
The xx,Stars,https://www.last.fm/music/The+xx/_/Stars
Imagine Dragons,On Top of the World,https://www.last.fm/music/Imagine+Dragons/_/On+Top+of+the+World
Coldplay,Square One,https://www.last.fm/music/Coldplay/_/Square+One
The xx,Fantasy,https://www.last.fm/music/The+xx/_/Fantasy
Franz Ferdinand,No You Girls,https://www.last.fm/music/Franz+Ferdinand/_/No+You+Girls
Arctic Monkeys,You Probably Couldn't See for the Lights but You Were Staring Straight at Me,https://www.last.fm/music/Arctic+Monkeys/_/You+Probably+Couldn%27t+See+for+the+Lights+but+You+Were+Staring+Straight+at+Me
Coldplay,A Rush of Blood to the Head,https://www.last.fm/music/Coldplay/_/A+Rush+of+Blood+to+the+Head
The Postal Service,Nothing Better,https://www.last.fm/music/The+Postal+Service/_/Nothing+Better
Iron & Wine,Such Great Heights,https://www.last.fm/music/Iron+&+Wine/_/Such+Great+Heights
The Strokes,Juicebox,https://www.last.fm/music/The+Strokes/_/Juicebox
Lorde,Team,https://www.last.fm/music/Lorde/_/Team
The Naked and Famous,Young Blood,https://www.last.fm/music/The+Naked+and+Famous/_/Young+Blood
Coldplay,What If,https://www.last.fm/music/Coldplay/_/What+If
The Black Keys,Everlasting Light,https://www.last.fm/music/The+Black+Keys/_/Everlasting+Light
Kasabian,Underdog,https://www.last.fm/music/Kasabian/_/Underdog
Coldplay,Daylight,https://www.last.fm/music/Coldplay/_/Daylight
Muse,Resistance,https://www.last.fm/music/Muse/_/Resistance
OneRepublic,Apologize,https://www.last.fm/music/OneRepublic/_/Apologize
Interpol,Obstacle 1,https://www.last.fm/music/Interpol/_/Obstacle+1
Panic! at the Disco,Lying Is the Most Fun a Girl Can Have Without Taking Her Clothes Off,https://www.last.fm/music/Panic%21+at+the+Disco/_/Lying+Is+the+Most+Fun+a+Girl+Can+Have+Without+Taking+Her+Clothes+Off
Capital Cities,Safe and Sound,https://www.last.fm/music/Capital+Cities/_/Safe+and+Sound
Joy Division,Disorder,https://www.last.fm/music/Joy+Division/_/Disorder
Arcade Fire,Ready to Start,https://www.last.fm/music/Arcade+Fire/_/Ready+to+Start
The Killers,Believe Me Natalie,https://www.last.fm/music/The+Killers/_/Believe+Me+Natalie
The Postal Service,Sleeping In,https://www.last.fm/music/The+Postal+Service/_/Sleeping+In
Radiohead,Knives Out,https://www.last.fm/music/Radiohead/_/Knives+Out
Coldplay,Amsterdam,https://www.last.fm/music/Coldplay/_/Amsterdam
Gorillaz,Last Living Souls,https://www.last.fm/music/Gorillaz/_/Last+Living+Souls
The Strokes,Under Cover of Darkness,https://www.last.fm/music/The+Strokes/_/Under+Cover+of+Darkness
Neutral Milk Hotel,In the Aeroplane Over the Sea,https://www.last.fm/music/Neutral+Milk+Hotel/_/In+the+Aeroplane+Over+the+Sea
Coldplay,White Shadows,https://www.last.fm/music/Coldplay/_/White+Shadows
Radiohead,I Might Be Wrong,https://www.last.fm/music/Radiohead/_/I+Might+Be+Wrong
Gorillaz,19-2000,https://www.last.fm/music/Gorillaz/_/19-2000
Kings of Leon,I Want You,https://www.last.fm/music/Kings+of+Leon/_/I+Want+You
Mumford & Sons,Winter Winds,https://www.last.fm/music/Mumford+&+Sons/_/Winter+Winds
Radiohead,Morning Bell,https://www.last.fm/music/Radiohead/_/Morning+Bell
Bon Iver,For Emma,https://www.last.fm/music/Bon+Iver/_/For+Emma
Arctic Monkeys,Do Me a Favour,https://www.last.fm/music/Arctic+Monkeys/_/Do+Me+a+Favour
James Blunt,Goodbye My Lover,https://www.last.fm/music/James+Blunt/_/Goodbye+My+Lover
The Strokes,Soma,https://www.last.fm/music/The+Strokes/_/Soma
Arctic Monkeys,D Is for Dangerous,https://www.last.fm/music/Arctic+Monkeys/_/D+Is+for+Dangerous
Kings of Leon,17,https://www.last.fm/music/Kings+of+Leon/_/17
Muse,Falling Away With You,https://www.last.fm/music/Muse/_/Falling+Away+With+You
Death Cab for Cutie,Summer Skin,https://www.last.fm/music/Death+Cab+for+Cutie/_/Summer+Skin
Arctic Monkeys,Balaclava,https://www.last.fm/music/Arctic+Monkeys/_/Balaclava
Placebo,Pure Morning,https://www.last.fm/music/Placebo/_/Pure+Morning
Death Cab for Cutie,Marching Bands of Manhattan,https://www.last.fm/music/Death+Cab+for+Cutie/_/Marching+Bands+of+Manhattan
Franz Ferdinand,Tell Her Tonight,https://www.last.fm/music/Franz+Ferdinand/_/Tell+Her+Tonight
Coldplay,Spies,https://www.last.fm/music/Coldplay/_/Spies
Echo & the Bunnymen,The Killing Moon,https://www.last.fm/music/Echo+&+the+Bunnymen/_/The+Killing+Moon
The Killers,For Reasons Unknown,https://www.last.fm/music/The+Killers/_/For+Reasons+Unknown
Arcade Fire,Intervention,https://www.last.fm/music/Arcade+Fire/_/Intervention
Modest Mouse,The World at Large,https://www.last.fm/music/Modest+Mouse/_/The+World+at+Large
Empire of the Sun,We Are the People,https://www.last.fm/music/Empire+of+the+Sun/_/We+Are+the+People
Muse,Soldier's Poem,https://www.last.fm/music/Muse/_/Soldier%27s+Poem
Björk,Army of Me,https://www.last.fm/music/Bj%C3%B6rk/_/Army+of+Me
Bon Iver,Re: Stacks,https://www.last.fm/music/Bon+Iver/_/Re:+Stacks
Feist,My Moon My Man,https://www.last.fm/music/Feist/_/My+Moon+My+Man
Lana Del Rey,National Anthem,https://www.last.fm/music/Lana+Del+Rey/_/National+Anthem
Feist,I Feel It All,https://www.last.fm/music/Feist/_/I+Feel+It+All
The Fray,You Found Me,https://www.last.fm/music/The+Fray/_/You+Found+Me
Radiohead,Bones,https://www.last.fm/music/Radiohead/_/Bones
The Script,The Man Who Can't Be Moved,https://www.last.fm/music/The+Script/_/The+Man+Who+Can%27t+Be+Moved
Arcade Fire,Crown of Love,https://www.last.fm/music/Arcade+Fire/_/Crown+of+Love
Passion Pit,Little Secrets,https://www.last.fm/music/Passion+Pit/_/Little+Secrets
Radiohead,In Limbo,https://www.last.fm/music/Radiohead/_/In+Limbo
The Velvet Underground,Sunday Morning,https://www.last.fm/music/The+Velvet+Underground/_/Sunday+Morning
Bloc Party,Like Eating Glass,https://www.last.fm/music/Bloc+Party/_/Like+Eating+Glass
Franz Ferdinand,Ulysses,https://www.last.fm/music/Franz+Ferdinand/_/Ulysses
Mumford & Sons,White Blank Page,https://www.last.fm/music/Mumford+&+Sons/_/White+Blank+Page
The Neighbourhood,Sweater Weather,https://www.last.fm/music/The+Neighbourhood/_/Sweater+Weather
Sufjan Stevens,To Be Alone With You,https://www.last.fm/music/Sufjan+Stevens/_/To+Be+Alone+With+You
Coldplay,We Never Change,https://www.last.fm/music/Coldplay/_/We+Never+Change
Phoenix,If I Ever Feel Better,https://www.last.fm/music/Phoenix/_/If+I+Ever+Feel+Better
Franz Ferdinand,Darts of Pleasure,https://www.last.fm/music/Franz+Ferdinand/_/Darts+of+Pleasure
Sigur Rós,Glósóli,https://www.last.fm/music/Sigur+R%C3%B3s/_/Gl%C3%B3s%C3%B3li
KT Tunstall,Suddenly I See,https://www.last.fm/music/KT+Tunstall/_/Suddenly+I+See
Coldplay,Death and All His Friends,https://www.last.fm/music/Coldplay/_/Death+and+All+His+Friends
The Fray,Over My Head (Cable Car),https://www.last.fm/music/The+Fray/_/Over+My+Head+(Cable+Car)
Gorillaz,O Green World,https://www.last.fm/music/Gorillaz/_/O+Green+World
Coldplay,High Speed,https://www.last.fm/music/Coldplay/_/High+Speed
Amy Macdonald,This Is the Life,https://www.last.fm/music/Amy+Macdonald/_/This+Is+the+Life
The Strokes,Automatic Stop,https://www.last.fm/music/The+Strokes/_/Automatic+Stop
OK Go,Here It Goes Again,https://www.last.fm/music/OK+Go/_/Here+It+Goes+Again
Coldplay,Swallowed in the Sea,https://www.last.fm/music/Coldplay/_/Swallowed+in+the+Sea
Arcade Fire,Black Mirror,https://www.last.fm/music/Arcade+Fire/_/Black+Mirror
Gorillaz,Every Planet We Reach Is Dead,https://www.last.fm/music/Gorillaz/_/Every+Planet+We+Reach+Is+Dead
Lana Del Rey,Dark Paradise,https://www.last.fm/music/Lana+Del+Rey/_/Dark+Paradise
Editors,Munich,https://www.last.fm/music/Editors/_/Munich
Florence + the Machine,Howl,https://www.last.fm/music/Florence+%252B+the+Machine/_/Howl
Gary Jules,Mad World,https://www.last.fm/music/Gary+Jules/_/Mad+World
Radiohead,Black Star,https://www.last.fm/music/Radiohead/_/Black+Star
Bon Iver,Lump Sum,https://www.last.fm/music/Bon+Iver/_/Lump+Sum
The Kooks,Sofa Song,https://www.last.fm/music/The+Kooks/_/Sofa+Song
MGMT,Future Reflections,https://www.last.fm/music/MGMT/_/Future+Reflections
The Cure,A Forest,https://www.last.fm/music/The+Cure/_/A+Forest
Broken Bells,The High Road,https://www.last.fm/music/Broken+Bells/_/The+High+Road
Arcade Fire,Neon Bible,https://www.last.fm/music/Arcade+Fire/_/Neon+Bible
Interpol,Slow Hands,https://www.last.fm/music/Interpol/_/Slow+Hands
The Strokes,Trying Your Luck,https://www.last.fm/music/The+Strokes/_/Trying+Your+Luck
Franz Ferdinand,Michael,https://www.last.fm/music/Franz+Ferdinand/_/Michael
Muse,Exo-Politics,https://www.last.fm/music/Muse/_/Exo-Politics
Oasis,Stop Crying Your Heart Out,https://www.last.fm/music/Oasis/_/Stop+Crying+Your+Heart+Out
Adele,Hometown Glory,https://www.last.fm/music/Adele/_/Hometown+Glory
Death Cab for Cutie,A Lack of Color,https://www.last.fm/music/Death+Cab+for+Cutie/_/A+Lack+of+Color
Tame Impala,Feels Like We Only Go Backwards,https://www.last.fm/music/Tame+Impala/_/Feels+Like+We+Only+Go+Backwards
Two Door Cinema Club,I Can Talk,https://www.last.fm/music/Two+Door+Cinema+Club/_/I+Can+Talk
Muse,Blackout,https://www.last.fm/music/Muse/_/Blackout
The Subways,Rock & Roll Queen,https://www.last.fm/music/The+Subways/_/Rock+&+Roll+Queen
Death Cab for Cutie,Your Heart Is an Empty Room,https://www.last.fm/music/Death+Cab+for+Cutie/_/Your+Heart+Is+an+Empty+Room
Muse,City of Delusion,https://www.last.fm/music/Muse/_/City+of+Delusion
The Cardigans,My Favourite Game,https://www.last.fm/music/The+Cardigans/_/My+Favourite+Game
R.E.M.,Man on the Moon,https://www.last.fm/music/R.E.M./_/Man+on+the+Moon
Death Cab for Cutie,The Sound of Settling,https://www.last.fm/music/Death+Cab+for+Cutie/_/The+Sound+of+Settling
Franz Ferdinand,The Fallen,https://www.last.fm/music/Franz+Ferdinand/_/The+Fallen
Cold War Kids,Hang Me Up to Dry,https://www.last.fm/music/Cold+War+Kids/_/Hang+Me+Up+to+Dry
Bon Iver,Blindsided,https://www.last.fm/music/Bon+Iver/_/Blindsided
Gorillaz,Tomorrow Comes Today,https://www.last.fm/music/Gorillaz/_/Tomorrow+Comes+Today
Lana Del Rey,Young and Beautiful,https://www.last.fm/music/Lana+Del+Rey/_/Young+and+Beautiful
Damien Rice,9 Crimes,https://www.last.fm/music/Damien+Rice/_/9+Crimes
Miike Snow,Animal,https://www.last.fm/music/Miike+Snow/_/Animal
The Strokes,Heart In a Cage,https://www.last.fm/music/The+Strokes/_/Heart+In+a+Cage
Lana Del Rey,Diet Mountain Dew,https://www.last.fm/music/Lana+Del+Rey/_/Diet+Mountain+Dew
Semisonic,Closing Time,https://www.last.fm/music/Semisonic/_/Closing+Time
Snow Patrol,Shut Your Eyes,https://www.last.fm/music/Snow+Patrol/_/Shut+Your+Eyes
Incubus,Wish You Were Here,https://www.last.fm/music/Incubus/_/Wish+You+Were+Here
Oasis,Some Might Say,https://www.last.fm/music/Oasis/_/Some+Might+Say
Band of Horses,No One's Gonna Love You,https://www.last.fm/music/Band+of+Horses/_/No+One%27s+Gonna+Love+You
Damien Rice,The Blower's Daughter,https://www.last.fm/music/Damien+Rice/_/The+Blower%27s+Daughter
Cat Power,The Greatest,https://www.last.fm/music/Cat+Power/_/The+Greatest
Bon Iver,Blood Bank,https://www.last.fm/music/Bon+Iver/_/Blood+Bank
The Smiths,Bigmouth Strikes Again,https://www.last.fm/music/The+Smiths/_/Bigmouth+Strikes+Again
Lana Del Rey,Off to the Races,https://www.last.fm/music/Lana+Del+Rey/_/Off+to+the+Races
Thom Yorke,Black Swan,https://www.last.fm/music/Thom+Yorke/_/Black+Swan
Blur,Parklife,https://www.last.fm/music/Blur/_/Parklife
Franz Ferdinand,Walk Away,https://www.last.fm/music/Franz+Ferdinand/_/Walk+Away
Florence + the Machine,Drumming Song,https://www.last.fm/music/Florence+%252B+the+Machine/_/Drumming+Song
The Ting Tings,Great DJ,https://www.last.fm/music/The+Ting+Tings/_/Great+DJ
Radiohead,Motion Picture Soundtrack,https://www.last.fm/music/Radiohead/_/Motion+Picture+Soundtrack
Iron & Wine,"Flightless Bird, American Mouth","https://www.last.fm/music/Iron+&+Wine/_/Flightless+Bird,+American+Mouth"
Weezer,Hash Pipe,https://www.last.fm/music/Weezer/_/Hash+Pipe
Of Monsters and Men,Dirty Paws,https://www.last.fm/music/Of+Monsters+and+Men/_/Dirty+Paws
Muse,Muscle Museum,https://www.last.fm/music/Muse/_/Muscle+Museum
Frou Frou,Let Go,https://www.last.fm/music/Frou+Frou/_/Let+Go
Travis,Sing,https://www.last.fm/music/Travis/_/Sing
Florence + the Machine,I'm Not Calling You a Liar,https://www.last.fm/music/Florence+%252B+the+Machine/_/I%27m+Not+Calling+You+a+Liar
Nick Drake,Pink Moon,https://www.last.fm/music/Nick+Drake/_/Pink+Moon
The Dandy Warhols,Bohemian Like You,https://www.last.fm/music/The+Dandy+Warhols/_/Bohemian+Like+You
Jimmy Eat World,Sweetness,https://www.last.fm/music/Jimmy+Eat+World/_/Sweetness
Muse,Endlessly,https://www.last.fm/music/Muse/_/Endlessly
The Shins,Phantom Limb,https://www.last.fm/music/The+Shins/_/Phantom+Limb
Passion Pit,Take a Walk,https://www.last.fm/music/Passion+Pit/_/Take+a+Walk
Bon Iver,The Wolves (Act I and II),https://www.last.fm/music/Bon+Iver/_/The+Wolves+(Act+I+and+II)
Sufjan Stevens,Chicago,https://www.last.fm/music/Sufjan+Stevens/_/Chicago
The Killers,Sam's Town,https://www.last.fm/music/The+Killers/_/Sam%27s+Town
The Postal Service,Clark Gable,https://www.last.fm/music/The+Postal+Service/_/Clark+Gable
Death Cab for Cutie,Transatlanticism,https://www.last.fm/music/Death+Cab+for+Cutie/_/Transatlanticism
Kings of Leon,Cold Desert,https://www.last.fm/music/Kings+of+Leon/_/Cold+Desert
Snow Patrol,You Could Be Happy,https://www.last.fm/music/Snow+Patrol/_/You+Could+Be+Happy
Gorillaz,All Alone,https://www.last.fm/music/Gorillaz/_/All+Alone
Oasis,Morning Glory,https://www.last.fm/music/Oasis/_/Morning+Glory
Mumford & Sons,Sigh No More,https://www.last.fm/music/Mumford+&+Sons/_/Sigh+No+More
Death Cab for Cutie,Someday You Will Be Loved,https://www.last.fm/music/Death+Cab+for+Cutie/_/Someday+You+Will+Be+Loved
Muse,Thoughts of a Dying Atheist,https://www.last.fm/music/Muse/_/Thoughts+of+a+Dying+Atheist
The Cure,Inbetween Days,https://www.last.fm/music/The+Cure/_/Inbetween+Days
The Kooks,You Don't Love Me,https://www.last.fm/music/The+Kooks/_/You+Don%27t+Love+Me
Bloc Party,So Here We Are,https://www.last.fm/music/Bloc+Party/_/So+Here+We+Are
Coldplay,Low,https://www.last.fm/music/Coldplay/_/Low
The Postal Service,Brand New Colony,https://www.last.fm/music/The+Postal+Service/_/Brand+New+Colony
Razorlight,America,https://www.last.fm/music/Razorlight/_/America
Animal Collective,My Girls,https://www.last.fm/music/Animal+Collective/_/My+Girls
The Killers,Everything Will Be Alright,https://www.last.fm/music/The+Killers/_/Everything+Will+Be+Alright
Kings of Leon,On Call,https://www.last.fm/music/Kings+of+Leon/_/On+Call
Coldplay,A Whisper,https://www.last.fm/music/Coldplay/_/A+Whisper
Oasis,Supersonic,https://www.last.fm/music/Oasis/_/Supersonic
Placebo,Song to Say Goodbye,https://www.last.fm/music/Placebo/_/Song+to+Say+Goodbye
Arctic Monkeys,Crying Lightning,https://www.last.fm/music/Arctic+Monkeys/_/Crying+Lightning
The Shins,Sleeping Lessons,https://www.last.fm/music/The+Shins/_/Sleeping+Lessons
Arctic Monkeys,Only Ones Who Know,https://www.last.fm/music/Arctic+Monkeys/_/Only+Ones+Who+Know
Bloc Party,Blue Light,https://www.last.fm/music/Bloc+Party/_/Blue+Light
Incubus,Anna Molly,https://www.last.fm/music/Incubus/_/Anna+Molly
Arctic Monkeys,Arabella,https://www.last.fm/music/Arctic+Monkeys/_/Arabella
Placebo,Running Up That Hill,https://www.last.fm/music/Placebo/_/Running+Up+That+Hill
Arcade Fire,My Body Is a Cage,https://www.last.fm/music/Arcade+Fire/_/My+Body+Is+a+Cage
Beirut,Nantes,https://www.last.fm/music/Beirut/_/Nantes
Vampire Weekend,Mansard Roof,https://www.last.fm/music/Vampire+Weekend/_/Mansard+Roof
Violent Femmes,Blister In The Sun,https://www.last.fm/music/Violent+Femmes/_/Blister+In+The+Sun
Explosions in the Sky,Your Hand in Mine,https://www.last.fm/music/Explosions+in+the+Sky/_/Your+Hand+in+Mine
Death Cab for Cutie,What Sarah Said,https://www.last.fm/music/Death+Cab+for+Cutie/_/What+Sarah+Said
Birdy,Skinny Love,https://www.last.fm/music/Birdy/_/Skinny+Love
Arctic Monkeys,This House Is a Circus,https://www.last.fm/music/Arctic+Monkeys/_/This+House+Is+a+Circus
Interpol,Rest My Chemistry,https://www.last.fm/music/Interpol/_/Rest+My+Chemistry
Weezer,Beverly Hills,https://www.last.fm/music/Weezer/_/Beverly+Hills
Death Cab for Cutie,Title and Registration,https://www.last.fm/music/Death+Cab+for+Cutie/_/Title+and+Registration
Arcade Fire,Neighborhood #4 (7 Kettles),https://www.last.fm/music/Arcade+Fire/_/Neighborhood+%234+(7+Kettles)
Lorde,Tennis Court,https://www.last.fm/music/Lorde/_/Tennis+Court
Bon Iver,Creature Fear,https://www.last.fm/music/Bon+Iver/_/Creature+Fear
Kasabian,Shoot the Runner,https://www.last.fm/music/Kasabian/_/Shoot+the+Runner
Foster the People,Call It What You Want,https://www.last.fm/music/Foster+the+People/_/Call+It+What+You+Want
The Killers,Change Your Mind,https://www.last.fm/music/The+Killers/_/Change+Your+Mind
Phoenix,Lasso,https://www.last.fm/music/Phoenix/_/Lasso
Pixies,Wave of Mutilation,https://www.last.fm/music/Pixies/_/Wave+of+Mutilation
Lykke Li,I Follow Rivers,https://www.last.fm/music/Lykke+Li/_/I+Follow+Rivers
The Strokes,Take It or Leave It,https://www.last.fm/music/The+Strokes/_/Take+It+or+Leave+It
The Postal Service,We Will Become Silhouettes,https://www.last.fm/music/The+Postal+Service/_/We+Will+Become+Silhouettes
The Black Keys,Next Girl,https://www.last.fm/music/The+Black+Keys/_/Next+Girl
Beirut,Postcards From Italy,https://www.last.fm/music/Beirut/_/Postcards+From+Italy
Ellie Goulding,Starry Eyed,https://www.last.fm/music/Ellie+Goulding/_/Starry+Eyed
Mumford & Sons,Roll Away Your Stone,https://www.last.fm/music/Mumford+&+Sons/_/Roll+Away+Your+Stone
José González,Crosses,https://www.last.fm/music/Jos%C3%A9+Gonz%C3%A1lez/_/Crosses
Death Cab for Cutie,Brothers on a Hotel Bed,https://www.last.fm/music/Death+Cab+for+Cutie/_/Brothers+on+a+Hotel+Bed
The Kooks,See the World,https://www.last.fm/music/The+Kooks/_/See+the+World
Radiohead,Lotus Flower,https://www.last.fm/music/Radiohead/_/Lotus+Flower
Sigur Rós,Starálfur,https://www.last.fm/music/Sigur+R%C3%B3s/_/Star%C3%A1lfur
Fleet Foxes,Ragged Wood,https://www.last.fm/music/Fleet+Foxes/_/Ragged+Wood
The Wombats,Let's Dance to Joy Division,https://www.last.fm/music/The+Wombats/_/Let%27s+Dance+to+Joy+Division
R.E.M.,Shiny Happy People,https://www.last.fm/music/R.E.M./_/Shiny+Happy+People
Snow Patrol,Hands Open,https://www.last.fm/music/Snow+Patrol/_/Hands+Open
Supergrass,Alright,https://www.last.fm/music/Supergrass/_/Alright
The Flaming Lips,Do You Realize??,https://www.last.fm/music/The+Flaming+Lips/_/Do+You+Realize%3F%3F
Radiohead,Packt Like Sardines in a Crushd Tin Box,https://www.last.fm/music/Radiohead/_/Packt+Like+Sardines+in+a+Crushd+Tin+Box
Kasabian,Processed Beats,https://www.last.fm/music/Kasabian/_/Processed+Beats
Muse,Unintended,https://www.last.fm/music/Muse/_/Unintended
Arctic Monkeys,"If You Were There, Beware","https://www.last.fm/music/Arctic+Monkeys/_/If+You+Were+There,+Beware"
Stereophonics,Dakota,https://www.last.fm/music/Stereophonics/_/Dakota
Modest Mouse,Bukowski,https://www.last.fm/music/Modest+Mouse/_/Bukowski
Keane,Bedshaped,https://www.last.fm/music/Keane/_/Bedshaped
Panic! at the Disco,The Only Difference Between Martyrdom and Suicide Is Press Coverage,https://www.last.fm/music/Panic%21+at+the+Disco/_/The+Only+Difference+Between+Martyrdom+and+Suicide+Is+Press+Coverage
Incubus,Love Hurts,https://www.last.fm/music/Incubus/_/Love+Hurts
Snow Patrol,Set the Fire to the Third Bar,https://www.last.fm/music/Snow+Patrol/_/Set+the+Fire+to+the+Third+Bar
Cake,The Distance,https://www.last.fm/music/Cake/_/The+Distance
Muse,Hoodoo,https://www.last.fm/music/Muse/_/Hoodoo
Radiohead,You,https://www.last.fm/music/Radiohead/_/You
Lana Del Rey,Radio,https://www.last.fm/music/Lana+Del+Rey/_/Radio
Interpol,No I in Threesome,https://www.last.fm/music/Interpol/_/No+I+in+Threesome
Florence + the Machine,Girl with One Eye,https://www.last.fm/music/Florence+%252B+the+Machine/_/Girl+with+One+Eye
Gorillaz,Intro,https://www.last.fm/music/Gorillaz/_/Intro
Arcade Fire,Haiti,https://www.last.fm/music/Arcade+Fire/_/Haiti
Radiohead,Sulk,https://www.last.fm/music/Radiohead/_/Sulk
Ellie Goulding,Burn,https://www.last.fm/music/Ellie+Goulding/_/Burn
Mumford & Sons,Awake My Soul,https://www.last.fm/music/Mumford+&+Sons/_/Awake+My+Soul
Gorillaz,White Light,https://www.last.fm/music/Gorillaz/_/White+Light
LCD Soundsystem,Daft Punk Is Playing at My House,https://www.last.fm/music/LCD+Soundsystem/_/Daft+Punk+Is+Playing+at+My+House
Clean Bandit,Rather Be (feat. Jess Glynne),https://www.last.fm/music/Clean+Bandit/_/Rather+Be+(feat.+Jess+Glynne)
Neutral Milk Hotel,Two-Headed Boy,https://www.last.fm/music/Neutral+Milk+Hotel/_/Two-Headed+Boy
Muse,Sunburn,https://www.last.fm/music/Muse/_/Sunburn
Arcade Fire,In the Backseat,https://www.last.fm/music/Arcade+Fire/_/In+the+Backseat
Tame Impala,Elephant,https://www.last.fm/music/Tame+Impala/_/Elephant
Arcade Fire,Ocean of Noise,https://www.last.fm/music/Arcade+Fire/_/Ocean+of+Noise
Keane,This Is the Last Time,https://www.last.fm/music/Keane/_/This+Is+the+Last+Time
Bon Iver,Team,https://www.last.fm/music/Bon+Iver/_/Team
The Shins,Kissing the Lipless,https://www.last.fm/music/The+Shins/_/Kissing+the+Lipless
Sigur Rós,Svefn-g-englar,https://www.last.fm/music/Sigur+R%C3%B3s/_/Svefn-g-englar
Blur,Beetlebum,https://www.last.fm/music/Blur/_/Beetlebum
TV on the Radio,Wolf Like Me,https://www.last.fm/music/TV+on+the+Radio/_/Wolf+Like+Me
Franz Ferdinand,Auf Achse,https://www.last.fm/music/Franz+Ferdinand/_/Auf+Achse
Damien Rice,Delicate,https://www.last.fm/music/Damien+Rice/_/Delicate
Elliott Smith,Between the Bars,https://www.last.fm/music/Elliott+Smith/_/Between+the+Bars
Panic! at the Disco,But It's Better If You Do,https://www.last.fm/music/Panic%21+at+the+Disco/_/But+It%27s+Better+If+You+Do
Phoenix,Fences,https://www.last.fm/music/Phoenix/_/Fences
Arctic Monkeys,The Bad Thing,https://www.last.fm/music/Arctic+Monkeys/_/The+Bad+Thing
Muse,Interlude,https://www.last.fm/music/Muse/_/Interlude
Mazzy Star,Fade Into You,https://www.last.fm/music/Mazzy+Star/_/Fade+Into+You
Snow Patrol,You're All I Have,https://www.last.fm/music/Snow+Patrol/_/You%27re+All+I+Have
The Strokes,"Alone, Together","https://www.last.fm/music/The+Strokes/_/Alone,+Together"
OneRepublic,All the Right Moves,https://www.last.fm/music/OneRepublic/_/All+the+Right+Moves
Vampire Weekend,Exit Music (for a Film),https://www.last.fm/music/Vampire+Weekend/_/Exit+Music+(for+a+Film)
Coldplay,Magic,https://www.last.fm/music/Coldplay/_/Magic
Muse,Citizen Erased,https://www.last.fm/music/Muse/_/Citizen+Erased
Fleet Foxes,Tiger Mountain Peasant Song,https://www.last.fm/music/Fleet+Foxes/_/Tiger+Mountain+Peasant+Song
Bloc Party,Positive Tension,https://www.last.fm/music/Bloc+Party/_/Positive+Tension
Noah and the Whale,5 Years Time,https://www.last.fm/music/Noah+and+the+Whale/_/5+Years+Time
Modest Mouse,Ocean Breathes Salty,https://www.last.fm/music/Modest+Mouse/_/Ocean+Breathes+Salty
The White Stripes,Black Math,https://www.last.fm/music/The+White+Stripes/_/Black+Math
Regina Spektor,On the Radio,https://www.last.fm/music/Regina+Spektor/_/On+the+Radio
Interpol,The Heinrich Maneuver,https://www.last.fm/music/Interpol/_/The+Heinrich+Maneuver
The Cranberries,Ode to My Family,https://www.last.fm/music/The+Cranberries/_/Ode+to+My+Family
Gorillaz,Don't Get Lost in Heaven,https://www.last.fm/music/Gorillaz/_/Don%27t+Get+Lost+in+Heaven
Lifehouse,You and Me,https://www.last.fm/music/Lifehouse/_/You+and+Me
Jack Johnson,Do You Remember,https://www.last.fm/music/Jack+Johnson/_/Do+You+Remember
Hot Chip,Ready for the Floor,https://www.last.fm/music/Hot+Chip/_/Ready+for+the+Floor
Arcade Fire,The Well and the Lighthouse,https://www.last.fm/music/Arcade+Fire/_/The+Well+and+the+Lighthouse
Belle and Sebastian,"Piazza, New York Catcher","https://www.last.fm/music/Belle+and+Sebastian/_/Piazza,+New+York+Catcher"
Interpol,Pioneer to the Falls,https://www.last.fm/music/Interpol/_/Pioneer+to+the+Falls
Matt & Kim,Daylight,https://www.last.fm/music/Matt+&+Kim/_/Daylight
The Postal Service,Recycled Air,https://www.last.fm/music/The+Postal+Service/_/Recycled+Air
Yeah Yeah Yeahs,Zero,https://www.last.fm/music/Yeah+Yeah+Yeahs/_/Zero
Muse,Hyper Music,https://www.last.fm/music/Muse/_/Hyper+Music
Placebo,Special K,https://www.last.fm/music/Placebo/_/Special+K
Beck,Girl,https://www.last.fm/music/Beck/_/Girl
Tame Impala,The Less I Know the Better,https://www.last.fm/music/Tame+Impala/_/The+Less+I+Know+the+Better
The Strokes,The End Has No End,https://www.last.fm/music/The+Strokes/_/The+End+Has+No+End
Bloc Party,She's Hearing Voices,https://www.last.fm/music/Bloc+Party/_/She%27s+Hearing+Voices
The White Stripes,My Doorbell,https://www.last.fm/music/The+White+Stripes/_/My+Doorbell
The Fratellis,Flathead,https://www.last.fm/music/The+Fratellis/_/Flathead
Muse,Space Dementia,https://www.last.fm/music/Muse/_/Space+Dementia
Mumford & Sons,I Gave You All,https://www.last.fm/music/Mumford+&+Sons/_/I+Gave+You+All
Foals,My Number,https://www.last.fm/music/Foals/_/My+Number
Coldplay,Yes,https://www.last.fm/music/Coldplay/_/Yes
Kasabian,Reason Is Treason,https://www.last.fm/music/Kasabian/_/Reason+Is+Treason
Kaiser Chiefs,Modern Way,https://www.last.fm/music/Kaiser+Chiefs/_/Modern+Way
alt-J,Tessellate,https://www.last.fm/music/alt-J/_/Tessellate
LCD Soundsystem,Someone Great,https://www.last.fm/music/LCD+Soundsystem/_/Someone+Great
Bloc Party,Hunting for Witches,https://www.last.fm/music/Bloc+Party/_/Hunting+for+Witches
The Strokes,You Talk Way Too Much,https://www.last.fm/music/The+Strokes/_/You+Talk+Way+Too+Much
Grimes,Genesis,https://www.last.fm/music/Grimes/_/Genesis
The Strokes,Under Control,https://www.last.fm/music/The+Strokes/_/Under+Control
Coldplay,Twisted Logic,https://www.last.fm/music/Coldplay/_/Twisted+Logic
Bon Iver,Perth,https://www.last.fm/music/Bon+Iver/_/Perth
Sigur Rós,Sæglópur,https://www.last.fm/music/Sigur+R%C3%B3s/_/S%C3%A6gl%C3%B3pur
Kasabian,Empire,https://www.last.fm/music/Kasabian/_/Empire
Crystal Castles,Vanished,https://www.last.fm/music/Crystal+Castles/_/Vanished
Fleet Foxes,Blue Ridge Mountains,https://www.last.fm/music/Fleet+Foxes/_/Blue+Ridge+Mountains
LCD Soundsystem,All My Friends,https://www.last.fm/music/LCD+Soundsystem/_/All+My+Friends
Vampire Weekend,Campus,https://www.last.fm/music/Vampire+Weekend/_/Campus
Muse,Ruled by Secrecy,https://www.last.fm/music/Muse/_/Ruled+by+Secrecy
Oasis,Roll With It,https://www.last.fm/music/Oasis/_/Roll+With+It
Arctic Monkeys,Perhaps Vampires Is a Bit Strong But...,https://www.last.fm/music/Arctic+Monkeys/_/Perhaps+Vampires+Is+a+Bit+Strong+But...
Placebo,Infra-Red,https://www.last.fm/music/Placebo/_/Infra-Red
The Killers,Enterlude,https://www.last.fm/music/The+Killers/_/Enterlude
The White Stripes,I Just Don't Know What to Do With Myself,https://www.last.fm/music/The+White+Stripes/_/I+Just+Don%27t+Know+What+to+Do+With+Myself
The Fray,Look After You,https://www.last.fm/music/The+Fray/_/Look+After+You
Franz Ferdinand,Come On Home,https://www.last.fm/music/Franz+Ferdinand/_/Come+On+Home
Florence + the Machine,My Boy Builds Coffins,https://www.last.fm/music/Florence+%252B+the+Machine/_/My+Boy+Builds+Coffins
Beck,E-Pro,https://www.last.fm/music/Beck/_/E-Pro
Bat for Lashes,Daniel,https://www.last.fm/music/Bat+for+Lashes/_/Daniel
Marcy Playground,Sex and Candy,https://www.last.fm/music/Marcy+Playground/_/Sex+and+Candy
Yeah Yeah Yeahs,Date With the Night,https://www.last.fm/music/Yeah+Yeah+Yeahs/_/Date+With+the+Night
The Fratellis,Whistle for the Choir,https://www.last.fm/music/The+Fratellis/_/Whistle+for+the+Choir
The Strokes,Machu Picchu,https://www.last.fm/music/The+Strokes/_/Machu+Picchu
Death Cab for Cutie,Different Names for the Same Thing,https://www.last.fm/music/Death+Cab+for+Cutie/_/Different+Names+for+the+Same+Thing
The Smiths,Heaven Knows I'm Miserable Now,https://www.last.fm/music/The+Smiths/_/Heaven+Knows+I%27m+Miserable+Now
The Postal Service,This Place Is a Prison,https://www.last.fm/music/The+Postal+Service/_/This+Place+Is+a+Prison
Gorillaz,Demon Days,https://www.last.fm/music/Gorillaz/_/Demon+Days
Mumford & Sons,Timshel,https://www.last.fm/music/Mumford+&+Sons/_/Timshel
Muse,Micro Cuts,https://www.last.fm/music/Muse/_/Micro+Cuts
Placebo,Special Needs,https://www.last.fm/music/Placebo/_/Special+Needs
Florence + the Machine,Never Let Me Go,https://www.last.fm/music/Florence+%252B+the+Machine/_/Never+Let+Me+Go
Radiohead,Thinking About You,https://www.last.fm/music/Radiohead/_/Thinking+About+You
Arcade Fire,Modern Man,https://www.last.fm/music/Arcade+Fire/_/Modern+Man
Grouplove,Tongue Tied,https://www.last.fm/music/Grouplove/_/Tongue+Tied
Paolo Nutini,New Shoes,https://www.last.fm/music/Paolo+Nutini/_/New+Shoes
Neutral Milk Hotel,"Holland, 1945","https://www.last.fm/music/Neutral+Milk+Hotel/_/Holland,+1945"
Jeff Buckley,Last Goodbye,https://www.last.fm/music/Jeff+Buckley/_/Last+Goodbye
The Smiths,The Boy With The Thorn In His Side,https://www.last.fm/music/The+Smiths/_/The+Boy+With+The+Thorn+In+His+Side
Metro Station,Shake It,https://www.last.fm/music/Metro+Station/_/Shake+It
Radiohead,You and Whose Army?,https://www.last.fm/music/Radiohead/_/You+and+Whose+Army%3F
Interpol,PDA,https://www.last.fm/music/Interpol/_/PDA
Foster the People,Don't Stop (Color on the Walls),https://www.last.fm/music/Foster+the+People/_/Don%27t+Stop+(Color+on+the+Walls)
Coldplay,Charlie Brown,https://www.last.fm/music/Coldplay/_/Charlie+Brown
Lykke Li,Little Bit,https://www.last.fm/music/Lykke+Li/_/Little+Bit
Bon Iver,Towers,https://www.last.fm/music/Bon+Iver/_/Towers
Franz Ferdinand,Cheating on You,https://www.last.fm/music/Franz+Ferdinand/_/Cheating+on+You
Oasis,Stand By Me,https://www.last.fm/music/Oasis/_/Stand+By+Me
Kate Nash,Foundations,https://www.last.fm/music/Kate+Nash/_/Foundations
Florence + the Machine,Between Two Lungs,https://www.last.fm/music/Florence+%252B+the+Machine/_/Between+Two+Lungs
Panic! at the Disco,Nine in the Afternoon,https://www.last.fm/music/Panic%21+at+the+Disco/_/Nine+in+the+Afternoon
Muse,The Small Print,https://www.last.fm/music/Muse/_/The+Small+Print
Kaiser Chiefs,Oh My God,https://www.last.fm/music/Kaiser+Chiefs/_/Oh+My+God
Counting Crows,Colorblind,https://www.last.fm/music/Counting+Crows/_/Colorblind
The Smiths,Hand in Glove,https://www.last.fm/music/The+Smiths/_/Hand+in+Glove
The National,Fake Empire,https://www.last.fm/music/The+National/_/Fake+Empire
Passion Pit,The Reeling,https://www.last.fm/music/Passion+Pit/_/The+Reeling
Spoon,The Way We Get By,https://www.last.fm/music/Spoon/_/The+Way+We+Get+By
Björk,Human Behaviour,https://www.last.fm/music/Bj%C3%B6rk/_/Human+Behaviour
We Are Scientists,"Nobody Move, Nobody Get Hurt","https://www.last.fm/music/We+Are+Scientists/_/Nobody+Move,+Nobody+Get+Hurt"
Yeah Yeah Yeahs,Y Control,https://www.last.fm/music/Yeah+Yeah+Yeahs/_/Y+Control
Lana Del Rey,Carmen,https://www.last.fm/music/Lana+Del+Rey/_/Carmen
Two Door Cinema Club,Cigarettes in the Theatre,https://www.last.fm/music/Two+Door+Cinema+Club/_/Cigarettes+in+the+Theatre
The Verve,Lucky Man,https://www.last.fm/music/The+Verve/_/Lucky+Man
Radiohead,(Nice Dream),https://www.last.fm/music/Radiohead/_/(Nice+Dream)
The Cure,The Lovecats,https://www.last.fm/music/The+Cure/_/The+Lovecats
Daughter,Youth,https://www.last.fm/music/Daughter/_/Youth
OneRepublic,Stop and Stare,https://www.last.fm/music/OneRepublic/_/Stop+and+Stare
Milky Chance,Stolen Dance,https://www.last.fm/music/Milky+Chance/_/Stolen+Dance
Stereophonics,Maybe Tomorrow,https://www.last.fm/music/Stereophonics/_/Maybe+Tomorrow
The Killers,Bling (Confession of a King),https://www.last.fm/music/The+Killers/_/Bling+(Confession+of+a+King)
Björk,Venus as a Boy,https://www.last.fm/music/Bj%C3%B6rk/_/Venus+as+a+Boy
Daft Punk,Doin' It Right (feat. Panda Bear),https://www.last.fm/music/Daft+Punk/_/Doin%27+It+Right+(feat.+Panda+Bear)
The Killers,A Dustland Fairytale,https://www.last.fm/music/The+Killers/_/A+Dustland+Fairytale
Gorillaz,November Has Come,https://www.last.fm/music/Gorillaz/_/November+Has+Come
Arctic Monkeys,Snap Out of It,https://www.last.fm/music/Arctic+Monkeys/_/Snap+Out+of+It
Radiohead,Like Spinning Plates,https://www.last.fm/music/Radiohead/_/Like+Spinning+Plates
Radiohead,Anyone Can Play Guitar,https://www.last.fm/music/Radiohead/_/Anyone+Can+Play+Guitar
Paramore,Hallelujah,https://www.last.fm/music/Paramore/_/Hallelujah
Arcade Fire,Windowsill,https://www.last.fm/music/Arcade+Fire/_/Windowsill
CHVRCHES,The Mother We Share,https://www.last.fm/music/CHVRCHES/_/The+Mother+We+Share
The xx,Chained,https://www.last.fm/music/The+xx/_/Chained
The Kooks,Eddie's Gun,https://www.last.fm/music/The+Kooks/_/Eddie%27s+Gun
Vampire Weekend,White Sky,https://www.last.fm/music/Vampire+Weekend/_/White+Sky
Arcade Fire,Sprawl II (Mountains Beyond Mountains),https://www.last.fm/music/Arcade+Fire/_/Sprawl+II+(Mountains+Beyond+Mountains)
Arctic Monkeys,One for the Road,https://www.last.fm/music/Arctic+Monkeys/_/One+for+the+Road
Florence + the Machine,What the Water Gave Me,https://www.last.fm/music/Florence+%252B+the+Machine/_/What+the+Water+Gave+Me
Bloc Party,Pioneers,https://www.last.fm/music/Bloc+Party/_/Pioneers
M83,Wait,https://www.last.fm/music/M83/_/Wait
The Fratellis,Henrietta,https://www.last.fm/music/The+Fratellis/_/Henrietta
Death Cab for Cutie,I Will Possess Your Heart,https://www.last.fm/music/Death+Cab+for+Cutie/_/I+Will+Possess+Your+Heart
Kings of Convenience,I'd Rather Dance With You,https://www.last.fm/music/Kings+of+Convenience/_/I%27d+Rather+Dance+With+You
Metric,Help I'm Alive,https://www.last.fm/music/Metric/_/Help+I%27m+Alive
Vampire Weekend,Horchata,https://www.last.fm/music/Vampire+Weekend/_/Horchata
Katy Perry,Ur So Gay,https://www.last.fm/music/Katy+Perry/_/Ur+So+Gay
Lana Del Rey,This Is What Makes Us Girls,https://www.last.fm/music/Lana+Del+Rey/_/This+Is+What+Makes+Us+Girls
Placebo,This Picture,https://www.last.fm/music/Placebo/_/This+Picture
Bon Iver,Calgary,https://www.last.fm/music/Bon+Iver/_/Calgary
Arcade Fire,Rococo,https://www.last.fm/music/Arcade+Fire/_/Rococo
Twenty One Pilots,Stressed Out,https://www.last.fm/music/Twenty+One+Pilots/_/Stressed+Out
Radiohead,Hunting Bears,https://www.last.fm/music/Radiohead/_/Hunting+Bears
The Libertines,Can't Stand Me Now,https://www.last.fm/music/The+Libertines/_/Can%27t+Stand+Me+Now
The Jesus and Mary Chain,Just Like Honey,https://www.last.fm/music/The+Jesus+and+Mary+Chain/_/Just+Like+Honey
Gorillaz,Rock the House,https://www.last.fm/music/Gorillaz/_/Rock+the+House
Florence + the Machine,Hurricane Drunk,https://www.last.fm/music/Florence+%252B+the+Machine/_/Hurricane+Drunk
M83,We Own the Sky,https://www.last.fm/music/M83/_/We+Own+the+Sky
Interpol,Untitled,https://www.last.fm/music/Interpol/_/Untitled
Björk,All Is Full of Love,https://www.last.fm/music/Bj%C3%B6rk/_/All+Is+Full+of+Love
The Shins,So Says I,https://www.last.fm/music/The+Shins/_/So+Says+I
Aloe Blacc,I Need a Dollar,https://www.last.fm/music/Aloe+Blacc/_/I+Need+a+Dollar
Kaiser Chiefs,Na Na Na Na Naa,https://www.last.fm/music/Kaiser+Chiefs/_/Na+Na+Na+Na+Naa
Kings of Leon,Knocked Up,https://www.last.fm/music/Kings+of+Leon/_/Knocked+Up
Vampire Weekend,Walcott,https://www.last.fm/music/Vampire+Weekend/_/Walcott
Damien Rice,Volcano,https://www.last.fm/music/Damien+Rice/_/Volcano
Arcade Fire,We Used to Wait,https://www.last.fm/music/Arcade+Fire/_/We+Used+to+Wait
The Smiths,Panic,https://www.last.fm/music/The+Smiths/_/Panic
Regina Spektor,Us,https://www.last.fm/music/Regina+Spektor/_/Us
Florence + the Machine,"No Light, No Light","https://www.last.fm/music/Florence+%252B+the+Machine/_/No+Light,+No+Light"
Vampire Weekend,Cousins,https://www.last.fm/music/Vampire+Weekend/_/Cousins
The Strokes,When It Started,https://www.last.fm/music/The+Strokes/_/When+It+Started
The White Stripes,We're Going to Be Friends,https://www.last.fm/music/The+White+Stripes/_/We%27re+Going+to+Be+Friends
Sigur Rós,Gobbledigook,https://www.last.fm/music/Sigur+R%C3%B3s/_/Gobbledigook
Oasis,She's Electric,https://www.last.fm/music/Oasis/_/She%27s+Electric
Foster the People,I Would Do Anything for You,https://www.last.fm/music/Foster+the+People/_/I+Would+Do+Anything+for+You
Bombay Bicycle Club,Always Like This,https://www.last.fm/music/Bombay+Bicycle+Club/_/Always+Like+This
Sufjan Stevens,Casimir Pulaski Day,https://www.last.fm/music/Sufjan+Stevens/_/Casimir+Pulaski+Day
Arctic Monkeys,I Wanna Be Yours,https://www.last.fm/music/Arctic+Monkeys/_/I+Wanna+Be+Yours
Björk,Hunter,https://www.last.fm/music/Bj%C3%B6rk/_/Hunter
Of Monsters and Men,Mountain Sound,https://www.last.fm/music/Of+Monsters+and+Men/_/Mountain+Sound
Vampire Weekend,Holiday,https://www.last.fm/music/Vampire+Weekend/_/Holiday
Blur,Tender,https://www.last.fm/music/Blur/_/Tender
Paramore,When It Rains,https://www.last.fm/music/Paramore/_/When+It+Rains
Interpol,NYC,https://www.last.fm/music/Interpol/_/NYC
Incubus,Stellar,https://www.last.fm/music/Incubus/_/Stellar
Band of Horses,Is There a Ghost,https://www.last.fm/music/Band+of+Horses/_/Is+There+a+Ghost
Kings of Convenience,Misread,https://www.last.fm/music/Kings+of+Convenience/_/Misread
Kings of Leon,The Bucket,https://www.last.fm/music/Kings+of+Leon/_/The+Bucket
Modest Mouse,The View,https://www.last.fm/music/Modest+Mouse/_/The+View
Jimmy Eat World,Hear You Me,https://www.last.fm/music/Jimmy+Eat+World/_/Hear+You+Me
Santigold,L.E.S. Artistes,https://www.last.fm/music/Santigold/_/L.E.S.+Artistes
The Wombats,Moving To New York,https://www.last.fm/music/The+Wombats/_/Moving+To+New+York
Fool's Garden,Lemon Tree,https://www.last.fm/music/Fool%27s+Garden/_/Lemon+Tree
Beach House,Zebra,https://www.last.fm/music/Beach+House/_/Zebra
Kings of Leon,Radioactive,https://www.last.fm/music/Kings+of+Leon/_/Radioactive
R.E.M.,It's the End of the World as We Know It (And I Feel Fine),https://www.last.fm/music/R.E.M./_/It%27s+the+End+of+the+World+as+We+Know+It+(And+I+Feel+Fine)
Franz Ferdinand,Eleanor Put Your Boots On,https://www.last.fm/music/Franz+Ferdinand/_/Eleanor+Put+Your+Boots+On
Fleet Foxes,Your Protector,https://www.last.fm/music/Fleet+Foxes/_/Your+Protector
Klaxons,Atlantis to Interzone,https://www.last.fm/music/Klaxons/_/Atlantis+to+Interzone
Cat Power,Sea of Love,https://www.last.fm/music/Cat+Power/_/Sea+of+Love
The Coral,Dreaming of You,https://www.last.fm/music/The+Coral/_/Dreaming+of+You
The Drums,Let's Go Surfing,https://www.last.fm/music/The+Drums/_/Let%27s+Go+Surfing
The xx,Fiction,https://www.last.fm/music/The+xx/_/Fiction
The Strokes,The Way It Is,https://www.last.fm/music/The+Strokes/_/The+Way+It+Is
alt-J,Something Good,https://www.last.fm/music/alt-J/_/Something+Good
Kings of Leon,Pyro,https://www.last.fm/music/Kings+of+Leon/_/Pyro
Incubus,Dig,https://www.last.fm/music/Incubus/_/Dig
Vampire Weekend,Giving up the Gun,https://www.last.fm/music/Vampire+Weekend/_/Giving+up+the+Gun
The Hives,Tick Tick Boom,https://www.last.fm/music/The+Hives/_/Tick+Tick+Boom
The White Stripes,Ball and Biscuit,https://www.last.fm/music/The+White+Stripes/_/Ball+and+Biscuit
Phoenix,Girlfriend,https://www.last.fm/music/Phoenix/_/Girlfriend
White Lies,Death,https://www.last.fm/music/White+Lies/_/Death
George Ezra,Budapest,https://www.last.fm/music/George+Ezra/_/Budapest
Hot Chip,Over and Over,https://www.last.fm/music/Hot+Chip/_/Over+and+Over
Mumford & Sons,After the Storm,https://www.last.fm/music/Mumford+&+Sons/_/After+the+Storm
Lana Del Rey,Million Dollar Man,https://www.last.fm/music/Lana+Del+Rey/_/Million+Dollar+Man
Klaxons,It's Not Over Yet,https://www.last.fm/music/Klaxons/_/It%27s+Not+Over+Yet
Franz Ferdinand,This Boy,https://www.last.fm/music/Franz+Ferdinand/_/This+Boy
Björk,Bachelorette,https://www.last.fm/music/Bj%C3%B6rk/_/Bachelorette
Beirut,Elephant Gun,https://www.last.fm/music/Beirut/_/Elephant+Gun
White Lies,To Lose My Life,https://www.last.fm/music/White+Lies/_/To+Lose+My+Life
The Strokes,Meet Me In The Bathroom,https://www.last.fm/music/The+Strokes/_/Meet+Me+In+The+Bathroom
The La's,There She Goes,https://www.last.fm/music/The+La%27s/_/There+She+Goes
Beach House,Myth,https://www.last.fm/music/Beach+House/_/Myth
Death Cab for Cutie,The New Year,https://www.last.fm/music/Death+Cab+for+Cutie/_/The+New+Year
The Strokes,What Ever Happened?,https://www.last.fm/music/The+Strokes/_/What+Ever+Happened%3F
Paramore,Brick by Boring Brick,https://www.last.fm/music/Paramore/_/Brick+by+Boring+Brick
Young the Giant,Cough Syrup,https://www.last.fm/music/Young+the+Giant/_/Cough+Syrup
Florence + the Machine,Blinding,https://www.last.fm/music/Florence+%252B+the+Machine/_/Blinding
Wheatus,Teenage Dirtbag,https://www.last.fm/music/Wheatus/_/Teenage+Dirtbag
Phoenix,Rome,https://www.last.fm/music/Phoenix/_/Rome
Vampire Weekend,M79,https://www.last.fm/music/Vampire+Weekend/_/M79
Of Monsters and Men,King and Lionheart,https://www.last.fm/music/Of+Monsters+and+Men/_/King+and+Lionheart
Cake,I Will Survive,https://www.last.fm/music/Cake/_/I+Will+Survive
The Whitest Boy Alive,Burning,https://www.last.fm/music/The+Whitest+Boy+Alive/_/Burning
Paramore,Let the Flames Begin,https://www.last.fm/music/Paramore/_/Let+the+Flames+Begin
The Killers,This River Is Wild,https://www.last.fm/music/The+Killers/_/This+River+Is+Wild
Fleet Foxes,He Doesn't Know Why,https://www.last.fm/music/Fleet+Foxes/_/He+Doesn%27t+Know+Why
Modest Mouse,Missed the Boat,https://www.last.fm/music/Modest+Mouse/_/Missed+the+Boat
Metronomy,The Look,https://www.last.fm/music/Metronomy/_/The+Look
Silversun Pickups,Lazy Eye,https://www.last.fm/music/Silversun+Pickups/_/Lazy+Eye
Jeff Buckley,Grace,https://www.last.fm/music/Jeff+Buckley/_/Grace
Bloc Party,The Prayer,https://www.last.fm/music/Bloc+Party/_/The+Prayer
Mumford & Sons,Thistle & Weeds,https://www.last.fm/music/Mumford+&+Sons/_/Thistle+&+Weeds
The Kooks,Shine On,https://www.last.fm/music/The+Kooks/_/Shine+On
The White Stripes,Dead Leaves and the Dirty Ground,https://www.last.fm/music/The+White+Stripes/_/Dead+Leaves+and+the+Dirty+Ground
Ed Sheeran,Photograph,https://www.last.fm/music/Ed+Sheeran/_/Photograph
The Killers,Losing Touch,https://www.last.fm/music/The+Killers/_/Losing+Touch
Coldplay,Everything's Not Lost,https://www.last.fm/music/Coldplay/_/Everything%27s+Not+Lost
Ed Sheeran,I See Fire,https://www.last.fm/music/Ed+Sheeran/_/I+See+Fire
The Shins,Turn on Me,https://www.last.fm/music/The+Shins/_/Turn+on+Me
Feist,So Sorry,https://www.last.fm/music/Feist/_/So+Sorry
Washed Out,Feel It All Around,https://www.last.fm/music/Washed+Out/_/Feel+It+All+Around
Blur,Country House,https://www.last.fm/music/Blur/_/Country+House
Bright Eyes,Lua,https://www.last.fm/music/Bright+Eyes/_/Lua
The Lumineers,Stubborn Love,https://www.last.fm/music/The+Lumineers/_/Stubborn+Love
The Strokes,Razorblade,https://www.last.fm/music/The+Strokes/_/Razorblade
Pixies,Gigantic,https://www.last.fm/music/Pixies/_/Gigantic
The xx,Sunset,https://www.last.fm/music/The+xx/_/Sunset
Jet,Look What You've Done,https://www.last.fm/music/Jet/_/Look+What+You%27ve+Done
The Verve,The Drugs Don't Work,https://www.last.fm/music/The+Verve/_/The+Drugs+Don%27t+Work
Foster the People,Waste,https://www.last.fm/music/Foster+the+People/_/Waste
Panic! at the Disco,Camisado,https://www.last.fm/music/Panic%21+at+the+Disco/_/Camisado
Two Door Cinema Club,Come Back Home,https://www.last.fm/music/Two+Door+Cinema+Club/_/Come+Back+Home
The Libertines,Arbeit Macht Frei,https://www.last.fm/music/The+Libertines/_/Arbeit+Macht+Frei
Jimmy Eat World,Pain,https://www.last.fm/music/Jimmy+Eat+World/_/Pain
The Killers,Uncle Jonny,https://www.last.fm/music/The+Killers/_/Uncle+Jonny
LCD Soundsystem,Dance Yrself Clean,https://www.last.fm/music/LCD+Soundsystem/_/Dance+Yrself+Clean
Regina Spektor,Better,https://www.last.fm/music/Regina+Spektor/_/Better
Fleet Foxes,Sun It Rises,https://www.last.fm/music/Fleet+Foxes/_/Sun+It+Rises
Ratatat,Loud Pipes,https://www.last.fm/music/Ratatat/_/Loud+Pipes
The National,Bloodbuzz Ohio,https://www.last.fm/music/The+National/_/Bloodbuzz+Ohio
Iron & Wine,Boy With a Coin,https://www.last.fm/music/Iron+&+Wine/_/Boy+With+a+Coin
Muse,Megalomania,https://www.last.fm/music/Muse/_/Megalomania
Fiona Apple,Criminal,https://www.last.fm/music/Fiona+Apple/_/Criminal
